"filename", "language", "TypeScript", "CSS", "XML", "comment", "blank", "total"
"c:\Users\Fortune\OneDrive\Desktop\辰桑\dev\FortnWo\ai-mentor-and-growth-planning-system\frontend\src\api\actionPlans.ts", "TypeScript", 59, 0, 0, 0, 13, 72
"c:\Users\Fortune\OneDrive\Desktop\辰桑\dev\FortnWo\ai-mentor-and-growth-planning-system\frontend\src\api\auth.ts", "TypeScript", 16, 0, 0, 0, 4, 20
"c:\Users\Fortune\OneDrive\Desktop\辰桑\dev\FortnWo\ai-mentor-and-growth-planning-system\frontend\src\api\chat.ts", "TypeScript", 38, 0, 0, 0, 12, 50
"c:\Users\Fortune\OneDrive\Desktop\辰桑\dev\FortnWo\ai-mentor-and-growth-planning-system\frontend\src\api\client.ts", "TypeScript", 38, 0, 0, 0, 9, 47
"c:\Users\Fortune\OneDrive\Desktop\辰桑\dev\FortnWo\ai-mentor-and-growth-planning-system\frontend\src\api\goals.ts", "TypeScript", 70, 0, 0, 0, 15, 85
"c:\Users\Fortune\OneDrive\Desktop\辰桑\dev\FortnWo\ai-mentor-and-growth-planning-system\frontend\src\api\growthRecords.ts", "TypeScript", 45, 0, 0, 0, 11, 56
"c:\Users\Fortune\OneDrive\Desktop\辰桑\dev\FortnWo\ai-mentor-and-growth-planning-system\frontend\src\api\index.ts", "TypeScript", 13, 0, 0, 0, 4, 17
"c:\Users\Fortune\OneDrive\Desktop\辰桑\dev\FortnWo\ai-mentor-and-growth-planning-system\frontend\src\api\info.ts", "TypeScript", 18, 0, 0, 0, 6, 24
"c:\Users\Fortune\OneDrive\Desktop\辰桑\dev\FortnWo\ai-mentor-and-growth-planning-system\frontend\src\api\profile.ts", "TypeScript", 40, 0, 0, 0, 8, 48
"c:\Users\Fortune\OneDrive\Desktop\辰桑\dev\FortnWo\ai-mentor-and-growth-planning-system\frontend\src\api\user.ts", "TypeScript", 74, 0, 0, 0, 13, 87
"c:\Users\Fortune\OneDrive\Desktop\辰桑\dev\FortnWo\ai-mentor-and-growth-planning-system\frontend\src\assets\vite.svg", "XML", 0, 0, 1, 0, 1, 2
"c:\Users\Fortune\OneDrive\Desktop\辰桑\dev\FortnWo\ai-mentor-and-growth-planning-system\frontend\src\assets\vue.svg", "XML", 0, 0, 1, 0, 0, 1
"c:\Users\Fortune\OneDrive\Desktop\辰桑\dev\FortnWo\ai-mentor-and-growth-planning-system\frontend\src\components\CompactActionMenu.ts", "TypeScript", 3, 0, 0, 1, 2, 6
"c:\Users\Fortune\OneDrive\Desktop\辰桑\dev\FortnWo\ai-mentor-and-growth-planning-system\frontend\src\composables\useChartTheme.ts", "TypeScript", 45, 0, 0, 0, 7, 52
"c:\Users\Fortune\OneDrive\Desktop\辰桑\dev\FortnWo\ai-mentor-and-growth-planning-system\frontend\src\composables\useTheme.ts", "TypeScript", 41, 0, 0, 2, 11, 54
"c:\Users\Fortune\OneDrive\Desktop\辰桑\dev\FortnWo\ai-mentor-and-growth-planning-system\frontend\src\constants\adminPermissions.ts", "TypeScript", 39, 0, 0, 1, 4, 44
"c:\Users\Fortune\OneDrive\Desktop\辰桑\dev\FortnWo\ai-mentor-and-growth-planning-system\frontend\src\env.d.ts", "TypeScript", 11, 0, 0, 2, 3, 16
"c:\Users\Fortune\OneDrive\Desktop\辰桑\dev\FortnWo\ai-mentor-and-growth-planning-system\frontend\src\main.ts", "TypeScript", 7, 0, 0, 0, 3, 10
"c:\Users\Fortune\OneDrive\Desktop\辰桑\dev\FortnWo\ai-mentor-and-growth-planning-system\frontend\src\router\index.ts", "TypeScript", 84, 0, 0, 0, 12, 96
"c:\Users\Fortune\OneDrive\Desktop\辰桑\dev\FortnWo\ai-mentor-and-growth-planning-system\frontend\src\shims-vue.d.ts", "TypeScript", 5, 0, 0, 0, 1, 6
"c:\Users\Fortune\OneDrive\Desktop\辰桑\dev\FortnWo\ai-mentor-and-growth-planning-system\frontend\src\stores\auth.ts", "TypeScript", 77, 0, 0, 0, 18, 95
"c:\Users\Fortune\OneDrive\Desktop\辰桑\dev\FortnWo\ai-mentor-and-growth-planning-system\frontend\src\style.css", "CSS", 0, 963, 0, 0, 133, 1096
"c:\Users\Fortune\OneDrive\Desktop\辰桑\dev\FortnWo\ai-mentor-and-growth-planning-system\frontend\src\utils\apiError.ts", "TypeScript", 32, 0, 0, 0, 6, 38
"c:\Users\Fortune\OneDrive\Desktop\辰桑\dev\FortnWo\ai-mentor-and-growth-planning-system\frontend\src\utils\growthTrendChartOptions.ts", "TypeScript", 142, 0, 0, 0, 6, 148
"c:\Users\Fortune\OneDrive\Desktop\辰桑\dev\FortnWo\ai-mentor-and-growth-planning-system\frontend\src\utils\localDate.ts", "TypeScript", 6, 0, 0, 1, 1, 8
"c:\Users\Fortune\OneDrive\Desktop\辰桑\dev\FortnWo\ai-mentor-and-growth-planning-system\frontend\src\utils\number.ts", "TypeScript", 7, 0, 0, 0, 1, 8
"c:\Users\Fortune\OneDrive\Desktop\辰桑\dev\FortnWo\ai-mentor-and-growth-planning-system\frontend\src\utils\ws.ts", "TypeScript", 21, 0, 0, 5, 6, 32
"Total", "-", 931, 963, 2, 12, 310, 2218